domain|email|email_type|original_count|security_program|security_rewards
1-commerce.com|NO_EMAIL|none|0|none|NOT STATED
1688.com|NO_EMAIL|none|0|none|NOT STATED
1984.vc|NO_EMAIL|none|0|none|NOT STATED
1fit.app|support@1fit.app|support|1|none|NOT STATED
a-leads.co|e.voss@northwindlabs.io|e.voss|4|none|NOT STATED
abda.ai|info@abda.ai|info|2|none|NOT STATED
abenex.com|contact@abenex.com|contact|2|none|NOT STATED
academypl.us|david@studentacademyplus.com|david|3|none|NOT STATED
acctual.com|billing@charm.ai|billing|4|none|NOT STATED
act.security|info@act.security|info|1|none|NOT STATED
actioneer.com|connect@actioneer.com|connect|1|none|NOT STATED
actirise.com|NO_EMAIL|none|0|none|NOT STATED
addcomposites.com|info@addcomposites.com|info|3|none|NOT STATED
adenasoft.com|info@adenasoft.com|info|3|none|NOT STATED
adgeeks.ge|info@adgeeks.ge|info|1|none|NOT STATED
admiral.digital|hello@admiral.digital|hello|5|none|NOT STATED
adntro.com|hello@adntro.com|hello|1|none|NOT STATED
adomos.com|accueil@adomos.com|accueil|1|none|NOT STATED
adventures.is|marketing@adventures.is|marketing|2|none|NOT STATED
agentphone.ai|founders@agentphone.ai|founders|1|none|NOT STATED
aimtell.com|NO_EMAIL|none|0|none|NOT STATED
airmason.com|hello@airmason.com|hello|2|none|NOT STATED
algominds.ai|NO_EMAIL|none|0|none|NOT STATED
allcurrent.com|sales@allcurrent.com|sales|1|none|NOT STATED
allphins.com|contact@allphins.com|contact|2|none|NOT STATED
allsolutions.nl|info@allsolutions.nl|info|2|none|NOT STATED
alner.id|NO_EMAIL|none|0|none|NOT STATED
alphacast.io|NO_EMAIL|none|0|none|NOT STATED
altura.io|info@altura.io|info|1|none|NOT STATED
ambition.com|NO_EMAIL|none|0|none|NOT STATED
amcouncil.com.au|info@amcouncil.com.au|info|7|none|NOT STATED
amp.ai|support@amp.ai|support|2|none|NOT STATED
anakin.io|NO_EMAIL|none|0|none|NOT STATED
announcekit.app|support@announcekit.app|support|1|none|NOT STATED
apanshin.ru|sales@apanshin.ru|sales|6|none|NOT STATED
appbooster.com|hello@appbooster.com|hello|1|none|NOT STATED
appfolio.com|NO_EMAIL|none|0|none|NOT STATED
appworkco.com|support@appworkco.com|support|3|none|NOT STATED
aption.com|contact@aption.com|contact|5|none|NOT STATED
apu.edu|admissions@apu.edu|admissions|9|none|NOT STATED
arcads.ai|NO_EMAIL|none|0|none|NOT STATED
arcate.io|NO_EMAIL|none|0|none|NOT STATED
arch2order.com|hello@arch2order.com|hello|1|none|NOT STATED
ardoq.com|marketing@ardoq.com|marketing|1|none|NOT STATED
arkoselabs.com|press@arkoselabs.com|press|3|none|NOT STATED
askattest.com|press@askattest.com|press|1|none|NOT STATED
asora.com|info@asora.com|info|2|none|NOT STATED
assetlab.ca|contact@assetlab.ca|contact|1|none|NOT STATED
atgfw.com|info@atgfw.com|info|1|none|NOT STATED
autocio.com|NO_EMAIL|none|0|none|NOT STATED
autods.com|NO_EMAIL|none|0|none|NOT STATED
axi.com|success@axi.com|success|1|none|NOT STATED
b2.solutions|contato@b2.solutions|contato|2|none|NOT STATED
b4a.ai|NO_EMAIL|none|0|none|NOT STATED
bacto.bio|info@bacto.bio|info|1|none|NOT STATED
banffadvisors.com|contact@banffadvisors.com|contact|1|none|NOT STATED
batchdata.com|NO_EMAIL|none|0|none|NOT STATED
bedthreads.com.au|hello@bedthreads.com.au|hello|2|none|NOT STATED
belform.de|info@belform.de|info|2|none|NOT STATED
bhhc.com|customercare@bhhc.com|customercare|13|none|NOT STATED
billclap.com|support@billclap.com|support|2|none|NOT STATED
billionverify.com|support@billionverify.com|support|2|none|NOT STATED
biobureau.com.br|NO_EMAIL|none|0|none|NOT STATED
blast.security|careers@blast.security|careers|1|none|NOT STATED
blindpay.com|NO_EMAIL|none|0|none|NOT STATED
blinq.me|NO_EMAIL|none|0|none|NOT STATED
blockchain0x.com|NO_EMAIL|none|0|none|NOT STATED
blueshoe.com|support@blueshoe.com|support|1|none|NOT STATED
bmsgroup.com.br|NO_EMAIL|none|0|none|NOT STATED
bold.security|NO_EMAIL|none|0|none|NOT STATED
boltz.bio|NO_EMAIL|none|0|none|NOT STATED
bradsdeals.com|NO_EMAIL|none|0|none|NOT STATED
brain.fi|NO_EMAIL|none|0|none|NOT STATED
brighttangerine.com|NO_EMAIL|none|0|none|NOT STATED
bsteuern.com|info@stbk-berlin.de|info|2|none|NOT STATED
buddy.works|NO_EMAIL|none|0|none|NOT STATED
buildwithtrace.com|hello@buildwithtrace.com|hello|4|none|NOT STATED
bundledocs.com|support@bundledocs.com|support|7|none|NOT STATED
burbio.com|NO_EMAIL|none|0|none|NOT STATED
buymeacoffee.com|support@buymeacoffee.com|support|1|none|NOT STATED
bythen.ai|NO_EMAIL|none|0|none|NOT STATED
callgrid.com|NO_EMAIL|none|0|none|NOT STATED
canix.com|hi@canix.com|hi|1|none|NOT STATED
capcade.com|sales@capcade.com|sales|1|none|NOT STATED
capta.co|info@capta.co|info|1|none|NOT STATED
causematch.com|support@causematch.com|support|2|none|NOT STATED
ccmchase.com|NO_EMAIL|none|0|none|NOT STATED
cdsgroupe.com|metheve@cdsgroupe.com|metheve|3|none|NOT STATED
cfstinson.com|customerservice@anzea.com|customerservice|6|none|NOT STATED
chargeback.io|NO_EMAIL|none|0|none|NOT STATED
charthop.com|support@charthop.com|support|3|none|NOT STATED
checkout.com|NO_EMAIL|none|0|none|NOT STATED
chidoanh.com|info@chidoanh.com|info|1|none|NOT STATED
chroniclehq.com|partners@chroniclehq.com|partners|1|none|NOT STATED
chyeon.com|contact@chyeon.com|contact|1|none|NOT STATED
circuitry.ai|NO_EMAIL|none|0|none|NOT STATED
citsolutions.net|support@citsolutions.net|support|4|none|NOT STATED
civicmarketplace.com|NO_EMAIL|none|0|none|NOT STATED
cixon.de|mail@cixon.de|mail|1|none|NOT STATED
classfit.com|NO_EMAIL|none|0|none|NOT STATED
clearesult.com|media@clearesult.com|media|2|none|NOT STATED
clearpointstrategy.com|info@clearpointstrategy.com|info|1|none|NOT STATED
clouddrove.com|hello@clouddrove.com|hello|1|none|NOT STATED
cloverly.com|support@cloverly.com|support|6|none|NOT STATED
cobratate.com|NO_EMAIL|none|0|none|NOT STATED
cognifit.com|NO_EMAIL|none|0|none|NOT STATED
collection.com.br|NO_EMAIL|none|0|none|NOT STATED
commoninja.com|NO_EMAIL|none|0|none|NOT STATED
compelling.ai|support@compelling.ai|support|1|none|NOT STATED
comundo.io|support@comundo.io|support|4|none|NOT STATED
contraktor.com.br|NO_EMAIL|none|0|none|NOT STATED
conversion.com.br|comercial@conversion.com.br|comercial|1|none|NOT STATED
copera.ai|NO_EMAIL|none|0|none|NOT STATED
copilot.tax|comercial@copilot.tax|comercial|2|none|NOT STATED
coraly.ai|support@coraly.ai|support|1|none|NOT STATED
coram.ai|NO_EMAIL|none|0|none|NOT STATED
corvera.ai|NO_EMAIL|none|0|none|NOT STATED
covel.cl|contacto@covel.cl|contacto|1|none|NOT STATED
cpfcnpj.com.br|contato@cpfcnpj.com.br|contato|1|none|NOT STATED
cravit.nl|office@cravit.nl|office|1|none|NOT STATED
creatio.ch|info@creatio.ch|info|1|none|NOT STATED
creatorland.com|support@creatorland.com|support|3|none|NOT STATED
criterionrsch.com|NO_EMAIL|none|0|none|NOT STATED
cuebiq.com|NO_EMAIL|none|0|none|NOT STATED
cuttable.com|support@cuttable.com|support|4|none|NOT STATED
cyberarmorsystems.com|NO_EMAIL|none|0|none|NOT STATED
cybermindr.com|info@cybermindr.com|info|1|none|NOT STATED
dabbel.eu|info@dabbel.eu|info|1|none|NOT STATED
danielatombini.com.br|NO_EMAIL|none|0|none|NOT STATED
databend.com|hi@databend.com|hi|1|none|NOT STATED
datalastic.com|support@datalastic.com|support|1|none|NOT STATED
deako.com|support@deako.com|support|4|none|NOT STATED
dealground.com|info@dealground.com|info|1|none|NOT STATED
deconcern.nl|info@deconcern.nl|info|1|none|NOT STATED
default.com|albert@amplemarket.com|albert|8|none|NOT STATED
defillama.com|support@defillama.com|support|1|none|NOT STATED
deltaforge.tech|contactus@deltaforge.tech|contactus|1|none|NOT STATED
dfactory.pro|NO_EMAIL|none|0|none|NOT STATED
dhtech.com|info@mysite.com|info|2|none|NOT STATED
didit.me|hello@didit.me|hello|1|none|NOT STATED
digiteka.com|info@digiteka.com|info|2|none|NOT STATED
dimuto.io|NO_EMAIL|none|0|none|NOT STATED
dnsolutions.com|support@dnsolutions.com|support|1|none|NOT STATED
docue.com|support@docue.com|support|3|none|NOT STATED
dowgo.com|contact@dowgo.com|contact|2|none|NOT STATED
dreambound.com|NO_EMAIL|none|0|none|NOT STATED
dreamsetgo.com|contactus@dreamsetgo.com|contactus|2|none|NOT STATED
dripshop.live|NO_EMAIL|none|0|none|NOT STATED
drivepoint.ai|info@drivepoint.io|info|1|none|NOT STATED
drmgroup.com|info-cn@drmgroup.com|info-cn|36|none|NOT STATED
dropi.co|soporte.dropi@dropi.co|soporte.dropi|1|none|NOT STATED
dumfriesva.gov|NO_EMAIL|none|0|none|NOT STATED
dutyfreedynamics.com|NO_EMAIL|none|0|none|NOT STATED
ebhoom.com|info@ebhoom.com|info|1|none|NOT STATED
ebu.ch|NO_EMAIL|none|0|none|NOT STATED
edrone.me|hello@edrone.me|hello|1|none|NOT STATED
efuneral.com|help@efuneral.com|help|2|none|NOT STATED
eightx.co|contact@eightx.co|contact|1|none|NOT STATED
elements.tv|info@elements.tv|info|2|none|NOT STATED
elevatusit.com|sales@elevatusit.com|sales|1|none|NOT STATED
emaillove.com|NO_EMAIL|none|0|none|NOT STATED
emergent.sh|support@emergent.sh|support|2|none|NOT STATED
empowerbh.com|info@empowerbh.com|info|1|none|NOT STATED
encord.com|NO_EMAIL|none|0|none|NOT STATED
enpass.io|NO_EMAIL|none|0|none|NOT STATED
erpswiss.com|info@erpswiss.com|info|1|none|NOT STATED
esub.com|contact@esub.com|contact|1|none|NOT STATED
eventora.com|support@eventora.com|support|2|none|NOT STATED
eventrise.com|support@eventrise.com|support|1|none|NOT STATED
eveoy.com|support@eveoy.com|support|2|none|NOT STATED
everstage.com|support@everstage.com|support|3|none|NOT STATED
evoluaenergia.com.br|NO_EMAIL|none|0|none|NOT STATED
exa22.com|support@exa22.com|support|4|none|NOT STATED
expedite.now|support@expedite.now|support|1|none|NOT STATED
expertpartners.com|NO_EMAIL|none|0|none|NOT STATED
extole.com|support@extole.com|support|3|none|NOT STATED
eyequant.com|NO_EMAIL|none|0|none|NOT STATED
ezeep.com|info@thinprint.com|info|1|none|NOT STATED
factors.ai|sales@factors.ai|sales|1|none|NOT STATED
factum.law|NO_EMAIL|none|0|none|NOT STATED
fanvue.com|NO_EMAIL|none|0|none|NOT STATED
faraday.ai|NO_EMAIL|none|0|none|NOT STATED
finaloop.com|support@finaloop.com|support|2|none|NOT STATED
finalto.com|Sales@finalto.com|sales|4|none|NOT STATED
finbaze.com|info@finbaze.com|info|1|none|NOT STATED
finhay.com.vn|NO_EMAIL|none|0|none|NOT STATED
firecrawl.dev|help@firecrawl.com|help|1|none|NOT STATED
firstround.com|NO_EMAIL|none|0|none|NOT STATED
flagsmith.com|info@flagsmith.com|info|2|none|NOT STATED
flair.co|support@flair.co|support|5|none|NOT STATED
flameanalytics.com|hello@flameanalytics.com|hello|1|none|NOT STATED
floqer.com|hello@floqer.com|hello|1|none|NOT STATED
flowaccount.com|support@flowaccount.com|support|5|none|NOT STATED
folk.app|folks@folk.app|folks|1|none|NOT STATED
folloze.com|support@folloze.com|support|1|none|NOT STATED
fore.dev|elin@for.dev.se|elin|5|none|NOT STATED
forio.com|sales@forio.com|sales|2|none|NOT STATED
formedideas.com|support@formedideas.com|support|3|none|NOT STATED
foundernest.com|customersuccess@foundernest.com|customersuccess|3|none|NOT STATED
frontierdirect.com|NO_EMAIL|none|0|none|NOT STATED
fullcodemedical.com|support@fullcodemedical.com|support|4|none|NOT STATED
fundin.ai|info@fundin.ai|info|1|none|NOT STATED
fusionspan.com|info@fusionSpan.com|info|3|none|NOT STATED
gabster.ai|NO_EMAIL|none|0|none|NOT STATED
genvid.com|support@genvid.com|support|2|none|NOT STATED
genzdealz.ai|akshay@GenZDealZ.ai|akshay|3|none|NOT STATED
geogenie.ai|sales@geogenie.ai|sales|1|none|NOT STATED
getaccept.com|support@getaccept.com|support|5|none|NOT STATED
getbuddi.ai|hello@getbuddi.ai|hello|2|none|NOT STATED
getdeck.io|NO_EMAIL|none|0|none|NOT STATED
getnylo.com|contact@getnylo.com|contact|2|none|NOT STATED
getridley.com|hi@getridley.com|hi|1|none|NOT STATED
getscalability.io|NO_EMAIL|none|0|none|NOT STATED
gimmefylabs.com|NO_EMAIL|none|0|none|NOT STATED
giscloud.com|sales@giscloud.com|sales|1|none|NOT STATED
gitguardian.com|support@gitguardian.com|support|2|none|NOT STATED
givebutter.com|support@givebutter.com|support|2|none|NOT STATED
gladium.ai|paolo@gladium.ai|paolo|1|none|NOT STATED
glam.ai|supportdesktop@glamlabs.app|supportdesktop|1|none|NOT STATED
globaldata.com|NO_EMAIL|none|0|none|NOT STATED
gns-cpas.com|info@gns-cpas.com|info|1|none|NOT STATED
gohubsteel.com|jobs@gohubsteel.com|jobs|2|none|NOT STATED
golinks.io|NO_EMAIL|none|0|none|NOT STATED
goodlawyer.ca|NO_EMAIL|none|0|none|NOT STATED
govspend.com|support@govspend.com|support|3|none|NOT STATED
graas.ai|NO_EMAIL|none|0|none|NOT STATED
graneet.fr|NO_EMAIL|none|0|none|NOT STATED
greenbridge.ai|contact@greenbridge.ai|contact|1|none|NOT STATED
gridlex.com|hr@gridlex.com|hr|2|none|NOT STATED
grin.co|NO_EMAIL|none|0|none|NOT STATED
growth99.com|support@growth99.com|support|3|none|NOT STATED
grupodecio.com.br|NO_EMAIL|none|0|none|NOT STATED
grydd.com|NO_EMAIL|none|0|none|NOT STATED
guides.co|NO_EMAIL|none|0|none|NOT STATED
hacktron.ai|NO_EMAIL|none|0|none|NOT STATED
hawky.ai|NO_EMAIL|none|0|none|NOT STATED
helfinch.com|support@helfinch.com|support|6|none|NOT STATED
heymilo.ai|NO_EMAIL|none|0|none|NOT STATED
heynox.com|team@heynox.com|team|1|none|NOT STATED
hightideinc.com|info@hightideinc.com|info|3|none|NOT STATED
higoodie.com|NO_EMAIL|none|0|none|NOT STATED
hirequotient.com|info@hirequotient.com|info|1|none|NOT STATED
histellar.com|connect@hiStellar.com|connect|2|none|NOT STATED
holded.com|NO_EMAIL|none|0|none|NOT STATED
holdprint.net|holdprint@holdprint.net|holdprint|1|none|NOT STATED
homerunner.com|NO_EMAIL|none|0|none|NOT STATED
honasa.in|NO_EMAIL|none|0|none|NOT STATED
honcho.com.au|support@honcho.com|support|2|none|NOT STATED
hotstuff.trade|NO_EMAIL|none|0|none|NOT STATED
humanagement.io|support@humanagement.io|support|1|none|NOT STATED
hunguesthotels.hu|hotel@andrassykuria.hu|hotel|3|none|NOT STATED
hy.digital|hello@hy-digital.com|hello|2|none|NOT STATED
hyprmx.com|info@hyprmx.com|info|1|none|NOT STATED
hyre.io|hello@hyre.ai|hello|1|none|NOT STATED
hyundaifuturenet.com|NO_EMAIL|none|0|none|NOT STATED
ibanfirst.com|NO_EMAIL|none|0|none|NOT STATED
ifthen.com|NO_EMAIL|none|0|none|NOT STATED
immedio.io|NO_EMAIL|none|0|none|NOT STATED
immocloud.de|support@immocloud.de|support|3|none|NOT STATED
implisense.com|info@implisense.com|info|1|none|NOT STATED
impossible.io|hello-eu@impossible.io|hello-eu|3|none|NOT STATED
incapto.com|hello@incapto.com|hello|2|none|NOT STATED
industrialinfo.com|info@industrialinfo.eu|info|10|none|NOT STATED
inflearn.com|NO_EMAIL|none|0|none|NOT STATED
influencer.in|Enquiry@influencer.in|enquiry|2|none|NOT STATED
infolegale.fr|NO_EMAIL|none|0|none|NOT STATED
ingeno.ca|info@ingeno.ca|info|1|none|NOT STATED
innovecs.com|NO_EMAIL|none|0|none|NOT STATED
insportline.cz|obchod.brno@insportline.cz|obchod.brno|4|none|NOT STATED
institutomix.com.br|NO_EMAIL|none|0|none|NOT STATED
intelas.com|contact@intelas.com|contact|1|none|NOT STATED
interceptgroup.com|NO_EMAIL|none|0|none|NOT STATED
interfacefinancial.com|info@interfacefinancial.com|info|1|none|NOT STATED
investorlift.com|NO_EMAIL|none|0|none|NOT STATED
invoicexpress.com|support@invoicexpress.com|support|1|none|NOT STATED
jamloop.com|NO_EMAIL|none|0|none|NOT STATED
jaz.ai|john@acme.com|john|1|none|NOT STATED
jelou.ai|NO_EMAIL|none|0|none|NOT STATED
jiminny.com|NO_EMAIL|none|0|none|NOT STATED
jobin.cloud|NO_EMAIL|none|0|none|NOT STATED
jordigarcia.es|info@libertas.capital|info|1|none|NOT STATED
jtkmarketing.com|info@jtkmarketing.com|info|1|none|NOT STATED
juma.ai|humans@juma.ai|humans|1|none|NOT STATED
k9security.io|NO_EMAIL|none|0|none|NOT STATED
kanna4u.com|NO_EMAIL|none|0|none|NOT STATED
kease.io|reservations@kease.io|reservations|1|none|NOT STATED
kenai.app|info@kenai.co.za|info|2|none|NOT STATED
khatoco.com|info@khatoco.vn|info|1|none|NOT STATED
kilde.sg|sales@kilde.sg|sales|4|none|NOT STATED
klealegal.com|info@klealegal.com|info|2|none|NOT STATED
knips.com|hey@knips.com|hey|1|none|NOT STATED
knoxed.com|NO_EMAIL|none|0|none|NOT STATED
kobbr.com|NO_EMAIL|none|0|none|NOT STATED
komodor.com|support@komodor.com|support|2|none|NOT STATED
korl.co|support@korl.ai|support|1|none|NOT STATED
kotlinlang.org|NO_EMAIL|none|0|none|NOT STATED
lastcallanalytics.com|NO_EMAIL|none|0|none|NOT STATED
latitude.sh|sales@latitude.sh|sales|2|none|NOT STATED
lawcyborg.com|NO_EMAIL|none|0|none|NOT STATED
laylinetech.com|office@laylinetech.com|office|1|none|NOT STATED
leadiq.com|support@leadiq.com|support|2|none|NOT STATED
leadrat.com|support@leadrat.com|support|2|none|NOT STATED
leandata.com|contact@leandata.com|contact|3|none|NOT STATED
leasecalcs.com|NO_EMAIL|none|0|none|NOT STATED
ledsone.co.uk|info@ledsone.nl|info|5|none|NOT STATED
leftbrain.io|help@leftbrain.io|help|2|none|NOT STATED
legalboards.io|NO_EMAIL|none|0|none|NOT STATED
lendingspot.net|info@lendingspot.net|info|1|none|NOT STATED
letstok.com|contact@letstok.com|contact|1|none|NOT STATED
lettrlabs.com|info@LettrLabs.com|info|2|none|NOT STATED
lezzoo.com|info@lezzoo.com|info|1|none|NOT STATED
libris.ro|contact@libris.ro|contact|2|none|NOT STATED
lifesight.io|support@lifesight.io|support|3|none|NOT STATED
lightbringer.com|hello@lightbringer.com|hello|2|none|NOT STATED
linguado.com|support@linguado.com|support|4|none|NOT STATED
logestechs.com|NO_EMAIL|none|0|none|NOT STATED
londonserenity.com|careers@londonserenity.com|careers|2|none|NOT STATED
losant.com|NO_EMAIL|none|0|none|NOT STATED
lottiefiles.com|press@lottiefiles.com|press|1|none|NOT STATED
lotto-niedersachsen.de|info@lotto-niedersachsen.de|info|2|none|NOT STATED
ls2.io|info@ls2.io|info|2|none|NOT STATED
lst.team|NO_EMAIL|none|0|none|NOT STATED
luxresearchinc.com|press@luxresearchinc.com|press|1|none|NOT STATED
luxurypresence.com|hello@luxurypresence.com|hello|1|none|NOT STATED
madisonai.com|NO_EMAIL|none|0|none|NOT STATED
magazord.com.br|NO_EMAIL|none|0|none|NOT STATED
magpieiq.com|sales@magpieiq.com|sales|2|none|NOT STATED
mailerfind.com|NO_EMAIL|none|0|none|NOT STATED
mailsuite.com|privacy@mailsuite.com|privacy|2|none|NOT STATED
mainframe.app|help@mainframe.app|help|1|none|NOT STATED
makea.co|support@makea.co|support|1|none|NOT STATED
makersights.com|NO_EMAIL|none|0|none|NOT STATED
malou.io|NO_EMAIL|none|0|none|NOT STATED
mancommx.com|NO_EMAIL|none|0|none|NOT STATED
mandaprofinanceiro.com|financeiro@suaempresa.com|financeiro|2|none|NOT STATED
maple.com|support@maple.com|support|1|none|NOT STATED
marketingminer.com|info@marketingminer.com|info|2|none|NOT STATED
marketlogicsoftware.com|info@marketlogicsoftware.com|info|1|none|NOT STATED
mastheadata.com|team@mastheadata.com|team|1|none|NOT STATED
mcleodsoftware.com|Sales@McLeodSoftware.com|sales|2|none|NOT STATED
mclogs.com|sales@mclogs.com|sales|1|none|NOT STATED
meethero.ai|contact@vivun.com|contact|1|none|NOT STATED
meetleo.com|NO_EMAIL|none|0|none|NOT STATED
melba.io|NO_EMAIL|none|0|none|NOT STATED
melius.com|careers@melius.com|careers|1|none|NOT STATED
memories.ai|NO_EMAIL|none|0|none|NOT STATED
mergr.com|support@mergr.com|support|2|none|NOT STATED
merrittadvisory.com|contactus@merrittadvisory.com|contactus|2|none|NOT STATED
metergrid.de|info@metergrid.de|info|3|none|NOT STATED
mikfs.com|NO_EMAIL|none|0|none|NOT STATED
milenow.com|connect@milenow.com|connect|1|none|NOT STATED
miracleplus.com|support@miracleplus.com|support|4|none|NOT STATED
mistywest.com|contact@mistywest.com|contact|2|none|NOT STATED
modelmatch.com|hello@modelmatch.com|hello|1|none|NOT STATED
modrek.ai|Info@modrek.ai|info|1|none|NOT STATED
mongodb.com|joev@metasploit.com|joev|4|none|NOT STATED
morepaymentevolution.com|info@morepaymentevolution.com|info|1|none|NOT STATED
movingimage.my|hello@movingimage.my|hello|1|none|NOT STATED
mprofit.in|support@mprofit.in|support|1|none|NOT STATED
mtc.co.uk|info@mtc.co.uk|info|1|none|NOT STATED
mycma.com|info@mycma.com|info|2|none|NOT STATED
mynyfy.com|support@mynyfy.com|support|1|none|NOT STATED
myvert.com|info@vertsports.com|info|2|none|NOT STATED
nachonacho.com|NO_EMAIL|none|0|none|NOT STATED
nautipark.com|commercial@nautipark.com|commercial|1|none|NOT STATED
ncino.com|NO_EMAIL|none|0|none|NOT STATED
nell.ai|NO_EMAIL|none|0|none|NOT STATED
netnut.io|NO_EMAIL|none|0|none|NOT STATED
nevermisshq.com|career@nevermisshq.com|career|2|none|NOT STATED
newprojectmedia.com|help@newprojectmedia.com|help|4|none|NOT STATED
nextmotion.net|NO_EMAIL|none|0|none|NOT STATED
niftypm.com|team@niftypm.com|team|1|none|NOT STATED
nilehq.com|hello@nilehq.com|hello|1|none|NOT STATED
nim.video|NO_EMAIL|none|0|none|NOT STATED
nobleblocks.com|info@nobleblocks.com|info|1|none|NOT STATED
northbeam.io|success@northbeam.io|success|5|none|NOT STATED
northwestregisteredagent.com|support@northwestregisteredagent.com|support|1|none|NOT STATED
ocoya.com|NO_EMAIL|none|0|none|NOT STATED
octus.com|marketing@octus.com|marketing|1|none|NOT STATED
ohiolegalhelp.org|info@ohiolegalhelp.org|info|1|none|NOT STATED
omi.so|NO_EMAIL|none|0|none|NOT STATED
onabu.ai|info@onabu.io|info|1|none|NOT STATED
one.bio|hello@one.bio|hello|2|none|NOT STATED
oneclickads.com.br|NO_EMAIL|none|0|none|NOT STATED
onenewone.com|info@onenewone.com|info|1|none|NOT STATED
open.money|NO_EMAIL|none|0|none|NOT STATED
openagenda.com|contact@openagenda.com|contact|1|none|NOT STATED
openart.ai|support@openart.ai|support|1|none|NOT STATED
opengrants.io|NO_EMAIL|none|0|none|NOT STATED
openrouter.ai|NO_EMAIL|none|0|none|NOT STATED
opensea.io|NO_EMAIL|none|0|none|NOT STATED
opinly.ai|support@opinly.ai|support|1|none|NOT STATED
opoint.com|Toby.Cook@opoint.co|toby.cook|3|none|NOT STATED
organizze.com.br|oi@organizze.com.br|oi|1|none|NOT STATED
orionsleep.com|support@orionsleep.com|support|1|none|NOT STATED
ottofrei.com|info@ottofrei.com|info|1|none|NOT STATED
ourritual.com|support@ourritual.com|support|2|none|NOT STATED
outdoorsy.com|NO_EMAIL|none|0|none|NOT STATED
paapi.ai|dpo@paapi.ai|dpo|2|none|NOT STATED
panoramaed.com|support@panoramaed.com|support|6|none|NOT STATED
pargesoft.com|info@pargesoft.com|info|1|none|NOT STATED
partouche.com|NO_EMAIL|none|0|none|NOT STATED
paytmpayments.com|pg.support@paytmpayments.com|pg.support|2|none|NOT STATED
pex.com|NO_EMAIL|none|0|none|NOT STATED
phantombuster.com|NO_EMAIL|none|0|none|NOT STATED
phylo.bio|contact@phylo.bio|contact|2|none|NOT STATED
picadeli.com|NO_EMAIL|none|0|none|NOT STATED
pickndropnepal.com|info@pickndropnepal.com|info|1|none|NOT STATED
pics.io|support@pics.io|support|2|none|NOT STATED
pillar.security|support@pillar.security|support|4|none|NOT STATED
pinto.com.ec|servicioalcliente@pinto.com.ec|servicioalcliente|1|none|NOT STATED
plansom.com|NO_EMAIL|none|0|none|NOT STATED
playsuper.ai|business@playsuper.ai|business|1|none|NOT STATED
playyourbrand.com|hola@playyourbrand.com|hola|1|none|NOT STATED
plcs.ai|NO_EMAIL|none|0|none|NOT STATED
poltio.com|support@poltio.com|support|1|none|NOT STATED
popety.io|NO_EMAIL|none|0|none|NOT STATED
portal26.ai|info@portal26.ai|info|3|none|NOT STATED
premium-sa.com|NO_EMAIL|none|0|none|NOT STATED
premom.com|support@premom.com|support|2|none|NOT STATED
privco.com|support@privco.com|support|1|none|NOT STATED
prodeal360.com|NO_EMAIL|none|0|none|NOT STATED
prodoscore.com|support@prodoscore.com|support|1|none|NOT STATED
proemion.com|info-dayton@proemion.com|info-dayton|4|none|NOT STATED
prosal.com|support@prosal.io|support|1|none|NOT STATED
prospecta.digital|contato@prospecta.digital|contato|1|none|NOT STATED
prosvita.net|support@prosvita.net|support|2|none|NOT STATED
psyke.co|contact@psyke.co|contact|2|none|NOT STATED
purplewave.com|auction@purplewave.com|auction|1|none|NOT STATED
pushnami.com|NO_EMAIL|none|0|none|NOT STATED
puter.com|hi@puter.com|hi|1|none|NOT STATED
puzzle.io|support@puzzle.io|support|6|none|NOT STATED
qapla.it|NO_EMAIL|none|0|none|NOT STATED
qencode.com|NO_EMAIL|none|0|none|NOT STATED
qobra.co|NO_EMAIL|none|0|none|NOT STATED
quantumheaps.com|NO_EMAIL|none|0|none|NOT STATED
quattr.com|info@quattr.com|info|1|none|NOT STATED
racap.com|media@racap.com|media|6|none|NOT STATED
ranger.net|howdy@ranger.net|howdy|1|none|NOT STATED
rankscale.ai|support@rankscale.ai|support|2|none|NOT STATED
rapidata.ai|info@rapidata.ai|info|3|none|NOT STATED
rayda.co|hello@rayda.co|hello|3|none|NOT STATED
rdash.ai|hello@rdash.io|hello|1|none|NOT STATED
reactordata.com|support@reactordata.com|support|2|none|NOT STATED
reallygoodemails.com|support@reallygoodemails.com|support|1|none|NOT STATED
realmhome.com|NO_EMAIL|none|0|none|NOT STATED
realytics.com|NO_EMAIL|none|0|none|NOT STATED
recruitwithatlas.com|NO_EMAIL|none|0|none|NOT STATED
redonlinemarketing.nl|info@redonlinemarketing.nl|info|1|none|NOT STATED
redsift.io|NO_EMAIL|none|0|none|NOT STATED
reelevant.com|NO_EMAIL|none|0|none|NOT STATED
replenysh.com|NO_EMAIL|none|0|none|NOT STATED
resend.com|support@resend.com|support|9|none|NOT STATED
responsive.dk|info@responsive.dk|info|2|none|NOT STATED
retently.com|sales@retently.com|sales|2|none|NOT STATED
revalu.io|hello@revalu.io|hello|9|none|NOT STATED
revenium.ai|support@revenium.io|support|3|none|NOT STATED
revido.co|sales@revido.io|sales|2|none|NOT STATED
revolutionre.com|NO_EMAIL|none|0|none|NOT STATED
rhombus.com|info@rhombus.com|info|4|none|NOT STATED
rivelinrobotics.com|info@rivelinrobotics.com|info|1|none|NOT STATED
rootline.com|support@rootline.com|support|2|none|NOT STATED
runriviera.com|hello@runriviera.com|hello|4|none|NOT STATED
runware.ai|NO_EMAIL|none|0|none|NOT STATED
saara.io|business@saara.io|business|5|none|NOT STATED
saasify.ai|support@saasify.ai|support|3|none|NOT STATED
safeguard.sh|NO_EMAIL|none|0|none|NOT STATED
sagareus.com|careers@sagareus.com|careers|2|none|NOT STATED
sailpoint.com|NO_EMAIL|none|0|none|NOT STATED
salesmessage.com|support@salesmessage.com|support|1|none|NOT STATED
scannable.io|support@scannable.io|support|2|none|NOT STATED
scribe-mail.com|hello@scribe-mail.com|hello|1|none|NOT STATED
scrive.com|NO_EMAIL|none|0|none|NOT STATED
scrollmark.com|sales@scrollmark.com|sales|1|none|NOT STATED
sellfire.com|NO_EMAIL|none|0|none|NOT STATED
semji.com|contact@semji.com|contact|1|none|NOT STATED
semway.no|brekke@semway.no|brekke|10|none|NOT STATED
senuto.com|support@senuto.com|support|3|none|NOT STATED
serpzilla.com|contacts@serpzilla.com|contacts|1|none|NOT STATED
serro.ai|jake@serro.ai|jake|1|none|NOT STATED
sibermate.com|NO_EMAIL|none|0|none|NOT STATED
sidekick.cool|NO_EMAIL|none|0|none|NOT STATED
signit.sa|partners@signit.sa|partners|2|none|NOT STATED
siteimprove.com|press@siteimprove.com|press|1|none|NOT STATED
skyfi.com|Kammy@SkyFi.com|kammy|2|none|NOT STATED
smallstep.com|alan@smallstep.com|alan|11|none|NOT STATED
smartbreeder.com.br|NO_EMAIL|none|0|none|NOT STATED
smartsupp.com|NO_EMAIL|none|0|none|NOT STATED
sofiapulse.com|agent@sofiapulse.com|agent|1|none|NOT STATED
solarfame.com|NO_EMAIL|none|0|none|NOT STATED
solidlabs.com|NO_EMAIL|none|0|none|NOT STATED
soon.works|hello@soon.works|hello|1|none|NOT STATED
sorellalabs.xyz|contact@sorellalabs.xyz|contact|1|none|NOT STATED
sowork.com|aloha@sowork.com|aloha|1|none|NOT STATED
spaceship.com|NO_EMAIL|none|0|none|NOT STATED
spaitial.ai|info@spaitial.ai|info|1|none|NOT STATED
sparkel.ai|NO_EMAIL|none|0|none|NOT STATED
spotai.co|sales@spotai.co|sales|1|none|NOT STATED
squaredup.com|recruitment@squaredup.com|recruitment|1|none|NOT STATED
stickybeak.co|support@stickybeak.co|support|2|none|NOT STATED
stilta.com|founders@stilta.com|founders|2|none|NOT STATED
stockpilereports.com|support@stockpilereports.com|support|1|none|NOT STATED
storeconnect.com|info@storeconnect.com|info|1|none|NOT STATED
strappmobile.com|NO_EMAIL|none|0|none|NOT STATED
subway.com|NO_EMAIL|none|0|none|NOT STATED
sumary.com|NO_EMAIL|none|0|none|NOT STATED
superscale.ai|support@superscale.ai|support|1|none|NOT STATED
superside.com|NO_EMAIL|none|0|none|NOT STATED
svgator.com|contact@svgator.com|contact|3|none|NOT STATED
svi.edu.au|NO_EMAIL|none|0|none|NOT STATED
switch-soft.com|NO_EMAIL|none|0|none|NOT STATED
swrecovery.com|info@swrecovery.com|info|1|none|NOT STATED
syatt.io|NO_EMAIL|none|0|none|NOT STATED
sycamore.so|NO_EMAIL|none|0|none|NOT STATED
synatic.com|NO_EMAIL|none|0|none|NOT STATED
syncwith.com|NO_EMAIL|none|0|none|NOT STATED
syspos.ae|NO_EMAIL|none|0|none|NOT STATED
tableau.com|NO_EMAIL|none|0|none|NOT STATED
talenesia.com|konsultankerja@talenesia.com|konsultankerja|1|none|NOT STATED
talentsprout.ai|support@talentsprout.ai|support|3|none|NOT STATED
talkspirit.com|NO_EMAIL|none|0|none|NOT STATED
taskray.com|support@taskray.com|support|1|none|NOT STATED
tbobank.com|supportteam@tbobank.com|supportteam|3|none|NOT STATED
terranova.inc|NO_EMAIL|none|0|none|NOT STATED
testnovalabs.com|innovation@testnovalabs.com|innovation|1|none|NOT STATED
textmine.com|sales@textmine.com|sales|1|none|NOT STATED
theanna.io|NO_EMAIL|none|0|none|NOT STATED
theboavidagroup.com|Alan@theBoaVidaGroup.com|alan|10|none|NOT STATED
thecoraledge.com|NO_EMAIL|none|0|none|NOT STATED
thefly.com|NO_EMAIL|none|0|none|NOT STATED
thehog.ai|support@thehog.ai|support|1|none|NOT STATED
thelocopolo.com|comercial@locopolo.com|comercial|2|none|NOT STATED
thenightsky.com|help@thenightsky.com|help|1|none|NOT STATED
thepilot.in|info@thepilot.in|info|1|none|NOT STATED
threadedmfg.com|support@threadedmfg.com|support|1|none|NOT STATED
thruline.co|NO_EMAIL|none|0|none|NOT STATED
ticketbox.vn|NO_EMAIL|none|0|none|NOT STATED
tidewatercap.com|info@tidewatercap.com|info|1|none|NOT STATED
timelyschools.com|NO_EMAIL|none|0|none|NOT STATED
titles.xyz|NO_EMAIL|none|0|none|NOT STATED
tokenoftrust.com|support@tokenoftrust.com|support|1|none|NOT STATED
tokonoma.ai|NO_EMAIL|none|0|none|NOT STATED
toss.im|support@toss.im|support|4|none|NOT STATED
tramasmas.com|posventa@tramasmas.com|posventa|1|none|NOT STATED
transatel.com|dpo@transatel.com|dpo|1|none|NOT STATED
tripclap.com|help@tripclap.com|help|1|none|NOT STATED
trmlabs.com|contact@trmlabs.com|contact|3|none|NOT STATED
tromml.com|lauren@tromml.com|lauren|1|none|NOT STATED
trustworks.io|NO_EMAIL|none|0|none|NOT STATED
trysmartbite.com|info@trysmartbite.com|info|1|none|NOT STATED
trytemelio.com|support@trytemelio.com|support|2|none|NOT STATED
tubularlabs.com|NO_EMAIL|none|0|none|NOT STATED
typedesk.com|support@typedesk.com|support|5|none|NOT STATED
ubi-global.com|NO_EMAIL|none|0|none|NOT STATED
udacity.com|NO_EMAIL|none|0|none|NOT STATED
ukpropertyaccountants.co.uk|contact@ukpa.co.uk|contact|2|none|NOT STATED
ultipa.com|NO_EMAIL|none|0|none|NOT STATED
unbounce.com|NO_EMAIL|none|0|none|NOT STATED
unduit.com|help@unduit.com|help|2|none|NOT STATED
unidoors.eu|info@unidoors.eu|info|1|none|NOT STATED
unsiloed.ai|NO_EMAIL|none|0|none|NOT STATED
upnova.io|support@upnova.io|support|2|none|NOT STATED
urumi.ai|NO_EMAIL|none|0|none|NOT STATED
usesendcore.com|NO_EMAIL|none|0|none|NOT STATED
usewheelhouse.com|NO_EMAIL|none|0|none|NOT STATED
vaibstudio.com|hello@vaibstudio.com|hello|1|none|NOT STATED
valenceintel.com|careers@valenceintel.com|careers|1|none|NOT STATED
validis.com|info@validis.com|info|2|none|NOT STATED
vammo.com|NO_EMAIL|none|0|none|NOT STATED
vanaways.co.uk|careers@vanaways.co.uk|careers|50|none|NOT STATED
vasa.works|hi@vasa.works|hi|1|none|NOT STATED
verticalresponse.com|askus@verticalresponse.com|askus|2|none|NOT STATED
vfp-consulting.com|info@vfp-consulting.com|info|9|none|NOT STATED
visalaw.ai|support@vislaw.ai|support|2|none|NOT STATED
vishwa.ai|support@vishwa.ai|support|1|none|NOT STATED
vistasocial.com|NO_EMAIL|none|0|none|NOT STATED
vmv.group|contato@vmv.group|contato|1|none|NOT STATED
vocci.ai|support@vocci.ai|support|3|none|NOT STATED
volonte.co|NO_EMAIL|none|0|none|NOT STATED
voluum.com|NO_EMAIL|none|0|none|NOT STATED
voromotors.com|support@voromotors.com|support|1|none|NOT STATED
vsslagency.com|NO_EMAIL|none|0|none|NOT STATED
vyrian.com|sales@vyrian.com|sales|1|none|NOT STATED
waitry.net|NO_EMAIL|none|0|none|NOT STATED
wandify.io|NO_EMAIL|none|0|none|NOT STATED
wearegenial.com|NO_EMAIL|none|0|none|NOT STATED
wecapital.com.br|contato@wecapital.com.br|contato|1|none|NOT STATED
weglot.com|NO_EMAIL|none|0|none|NOT STATED
wellsite.com|support@wellsite.com|support|1|none|NOT STATED
wicom.asia|hr@wicom.asia|hr|1|none|NOT STATED
withforerunner.com|hello@withforerunner.com|hello|1|none|NOT STATED
withjuly.com|build@withjuly.com|build|1|none|NOT STATED
withvayu.com|contact@withvayu.com|contact|1|none|NOT STATED
wope.com|NO_EMAIL|none|0|none|NOT STATED
workerbee.ai|NO_EMAIL|none|0|none|NOT STATED
workos.com|hello@workos.com|hello|1|none|NOT STATED
worksmobile.com|naverworks_marketing@navercorp.com|naverworks_marketing|1|none|NOT STATED
worldsys.io|NO_EMAIL|none|0|none|NOT STATED
wovenmedia.com|NO_EMAIL|none|0|none|NOT STATED
wtax.co|NO_EMAIL|none|0|none|NOT STATED
wubble.ai|NO_EMAIL|none|0|none|NOT STATED
xano.com|support@xano.com|support|1|none|NOT STATED
yocabe.com|NO_EMAIL|none|0|none|NOT STATED
yoco.com|sales@yoco.com|sales|5|none|NOT STATED
yummysuperapp.com|NO_EMAIL|none|0|none|NOT STATED
zamilac.com|halawallah@zamilac.com|halawallah|1|none|NOT STATED
zime.ai|support@zime.ai|support|1|none|NOT STATED
zyft.com|info@zyft.com|info|4|none|NOT STATED
